Model,R_squared,MSE,MAE
Lasso,0.7009247945289863,7546242.743095087,2120.691780843298
