Model,R_squared,MSE,MAE
Stacked,0.3407053963117219,16635271.087782012,3313.1310471958514
