Model,R_squared,MSE,MAE
Lasso,0.6193924750986707,706.6144464381482,21.9412914212605
