Model,R_squared,MSE,MAE
Stacked,0.7502121051296738,463.742105746605,10.448116613973893
