Model,R_squared,MSE,MAE
Stacked,0.6888836805915425,577.7170796598839,14.448411560012145
