Model,R_squared,MSE,MAE
Lasso,0.6270470326765236,692.4034269187479,21.459851248953978
