Model,R_squared,MSE,MAE
Stacked,0.6971221100113721,562.3059938926634,15.170142549606023
