Model,R_squared,MSE,MAE
Lasso,0.6180895647863274,709.1758534003807,21.821577332370115
